Title,Category,Cluster,Intent,Priority,Status,PublishedDate,Slug
How to Improve Speed in Football,Training,Speed,Informational,1,Published,2026-07-19,how-to-improve-speed-in-football
Complete Football Speed Training Guide,Training,Speed,Informational,1,Published,2026-07-20,complete-football-speed-training-guide
Best Speed Exercises for Football Players,Training,Speed,Informational,1,Published,2026-07-23,best-speed-exercises-for-football-players
Football Sprint Training Explained,Training,Speed,Informational,1,Published,2026-07-25,football-sprint-training-explained
Why Speed Matters in Football,Training,Speed,Informational,2,Pending,,
Football Speed Training for Beginners,Training,Speed,Informational,1,Published,2026-07-25,football-speed-training-for-beginners
Home Speed Workout for Football Players,Training,Speed,Informational,1,Published,2026-07-25,home-speed-workout-for-football-players
Football Speed Drills Without Equipment,Training,Speed,Informational,1,Published,2026-07-25,football-speed-drills-without-equipment
Speed Training for Young Football Players,Youth,Speed,Informational,2,Pending,,
Easy Sprint Drills Before Football Practice,Training,Speed,Informational,2,Pending,,
How to Improve First Step Acceleration in Football,Training,Acceleration,Informational,1,Published,2026-07-25,how-to-improve-first-step-acceleration-in-football
Top Speed vs Acceleration in Football,Training,Acceleration,Informational,1,Published,2026-07-27,top-speed-vs-acceleration-in-football
Sprint Mechanics for Football Players,Training,Sprint Mechanics,Informational,1,Published,2026-07-28,sprint-mechanics-for-football-players
How to Run Faster Without Losing Balance,Training,Sprint Mechanics,Informational,2,Pending,,
Proper Sprinting Technique for Football,Training,Sprint Mechanics,Informational,1,Published,2026-07-30,proper-sprinting-technique-for-football
Speed Training for Wingers,Positions,Speed,Informational,1,Published,2026-08-03,speed-training-for-wingers
Speed Training for Strikers,Positions,Speed,Informational,1,Published,2026-08-05,speed-training-for-strikers
Speed Training for Midfielders,Positions,Speed,Informational,2,Pending,,
Speed Training for Defenders,Positions,Speed,Informational,1,Published,2026-08-05,speed-training-for-defenders
Speed Training for Fullbacks,Positions,Speed,Informational,2,Pending,,
Best Gym Exercises for Football Speed,Strength,Speed,Informational,1,Pending,,
Do Squats Make Football Players Faster,Strength,Speed,Informational,2,Pending,,
Deadlifts for Faster Sprinting in Football,Strength,Speed,Informational,2,Pending,,
Single Leg Strength Exercises for Football Speed,Strength,Speed,Informational,1,Pending,,
Lower Body Gym Workout for Football Speed,Strength,Speed,Informational,1,Pending,,
Best Plyometric Exercises for Football Speed,Plyometrics,Speed,Informational,1,Pending,,
Box Jumps for Football Players,Plyometrics,Speed,Informational,2,Pending,,
Broad Jumps vs Box Jumps for Football,Plyometrics,Speed,Comparison,2,Pending,,
Reactive Plyometrics for Football Players,Plyometrics,Speed,Informational,2,Pending,,
Weekly Plyometric Routine for Football Speed,Plyometrics,Speed,Informational,1,Pending,,
Resistance Band Speed Training for Football,Equipment,Speed Equipment,Commercial,1,Pending,,
Speed Ladder Drills for Football Players,Equipment,Speed Equipment,Informational,2,Pending,,
Best Training Cones for Football Speed Drills,Equipment,Speed Equipment,Commercial,2,Pending,,
Mini Hurdle Workouts for Football Players,Equipment,Speed Equipment,Informational,2,Pending,,
Weighted Sled Sprint Training for Football,Equipment,Speed Equipment,Informational,2,Pending,,
Speed Endurance Training for Football,Conditioning,Speed Endurance,Informational,1,Pending,,
Repeat Sprint Ability Training for Football,Conditioning,Speed Endurance,Informational,1,Pending,,
Interval Running for Football Players,Conditioning,Speed Endurance,Informational,2,Pending,,
Match Fitness vs Sprint Speed,Conditioning,Speed Endurance,Comparison,2,Pending,,
How to Improve Fitness Without Losing Speed,Conditioning,Speed Endurance,Informational,1,Pending,,
Recovery After Football Sprint Training,Recovery,Speed Recovery,Informational,2,Pending,,
Best Stretches for Football Sprinting,Recovery,Speed Recovery,Informational,2,Pending,,
Foam Rolling After Football Speed Training,Recovery,Speed Recovery,Informational,3,Pending,,
How Sleep Affects Sprint Performance,Recovery,Speed Recovery,Informational,2,Pending,,
How Football Players Can Reduce Hamstring Injury Risk,Recovery,Speed Recovery,Informational,1,Pending,,
Biggest Football Speed Training Mistakes,Training,Speed Mistakes,Informational,1,Pending,,
Why Football Players Stop Getting Faster,Training,Speed Mistakes,Informational,2,Pending,,
Can You Overtrain Sprint Workouts,Training,Speed Mistakes,Informational,2,Pending,,
Common Sprint Technique Mistakes in Football,Training,Speed Mistakes,Informational,1,Pending,,
Common Warm Up Mistakes Before Sprint Training,Training,Speed Mistakes,Informational,2,Pending,,
4 Week Football Speed Training Program,Programs,Speed Programs,Informational,1,Pending,,
6 Week Football Speed Training Program,Programs,Speed Programs,Informational,1,Pending,,
8 Week Football Speed Training Program,Programs,Speed Programs,Informational,1,Pending,,
In Season Football Speed Training Plan,Programs,Speed Programs,Informational,1,Pending,,
Off Season Football Speed Training Plan,Programs,Speed Programs,Informational,1,Pending,,
Preseason Speed Training for Football,Programs,Speed Programs,Informational,1,Pending,,
Football Speed Workout Twice a Week,Programs,Speed Programs,Informational,2,Pending,,
Football Speed Workout Three Times a Week,Programs,Speed Programs,Informational,2,Pending,,
30 Minute Football Speed Workout,Programs,Speed Programs,Informational,2,Pending,,
Football Speed Workout at the Gym,Programs,Speed Programs,Informational,1,Pending,,
Football Speed Drills for Small Spaces,Training,Speed Drills,Informational,2,Pending,,
Football Speed Drills With a Partner,Training,Speed Drills,Informational,2,Pending,,
Football Speed Drills With the Ball,Technique,Speed With Ball,Informational,1,Pending,,
How to Dribble Faster in Football,Technique,Speed With Ball,Informational,1,Pending,,
How to Sprint Faster With the Ball,Technique,Speed With Ball,Informational,1,Pending,,
Change of Direction Speed Drills for Football,Agility,Change of Direction,Informational,1,Pending,,
Acceleration Drills From a Standing Start,Training,Acceleration,Informational,2,Pending,,
Acceleration Drills From Different Starting Positions,Training,Acceleration,Informational,2,Pending,,
Flying Sprints for Football Players,Training,Top Speed,Informational,2,Pending,,
Hill Sprints for Football Speed,Training,Acceleration,Informational,2,Pending,,
Stair Sprints for Football Players,Training,Acceleration,Informational,3,Pending,,
Short Sprints vs Long Sprints for Football,Training,Sprint Methods,Comparison,2,Pending,,
Sled Sprints vs Hill Sprints for Football,Training,Sprint Methods,Comparison,2,Pending,,
Speed Ladder vs Cone Drills for Football,Training,Sprint Methods,Comparison,3,Pending,,
Plyometrics vs Strength Training for Football Speed,Training,Sprint Methods,Comparison,1,Pending,,
How Much Rest Between Football Sprints,Training,Sprint Programming,Informational,1,Pending,,
How Often Should Football Players Train Speed,Training,Sprint Programming,Informational,1,Pending,,
Best Time of Day for Football Speed Training,Training,Sprint Programming,Informational,3,Pending,,
Should You Train Speed Before or After Football Practice,Training,Sprint Programming,Informational,1,Pending,,
Should You Train Speed Before or After the Gym,Training,Sprint Programming,Informational,2,Pending,,
How to Test Sprint Speed for Football,Testing,Speed Testing,Informational,1,Pending,,
10 Meter Sprint Test for Football Players,Testing,Speed Testing,Informational,2,Pending,,
20 Meter Sprint Test for Football Players,Testing,Speed Testing,Informational,2,Pending,,
30 Meter Sprint Test for Football Players,Testing,Speed Testing,Informational,2,Pending,,
How to Track Football Speed Improvement,Testing,Speed Testing,Informational,1,Pending,,
Best Apps for Measuring Football Sprint Speed,Equipment,Speed Testing,Commercial,2,Pending,,
Best Timing Gates for Football Training,Equipment,Speed Testing,Commercial,3,Pending,,
GPS Trackers for Football Speed Training,Equipment,Speed Testing,Commercial,2,Pending,,
Best Football Boots for Speed,Equipment,Speed Equipment,Commercial,1,Published,2026-07-19,best-football-boots-for-speed
Lightweight Football Boots for Fast Players,Equipment,Speed Equipment,Commercial,2,Pending,,
Best Football Boots for Wingers,Equipment,Speed Equipment,Commercial,1,Pending,,
Best Football Boots for Artificial Grass Speed,Equipment,Speed Equipment,Commercial,2,Pending,,
Do Football Boots Make You Faster,Equipment,Speed Equipment,Commercial,1,Pending,,
Nutrition Before Football Speed Training,Nutrition,Speed Nutrition,Informational,2,Pending,,
What to Eat After Sprint Training,Nutrition,Speed Nutrition,Informational,2,Pending,,
Hydration for Football Speed Sessions,Nutrition,Speed Nutrition,Informational,2,Pending,,
Creatine for Football Sprint Performance,Nutrition,Speed Nutrition,Commercial,2,Pending,,
Caffeine Before Football Sprint Training,Nutrition,Speed Nutrition,Commercial,2,Pending,,
Speed Training for Teenage Football Players,Youth,Youth Speed,Informational,1,Pending,,
Safe Speed Training for Children in Football,Youth,Youth Speed,Informational,1,Pending,,
